id,name,passportNumber
1,John Smith,PA1234567
2,Sarah Johnson,PA2345678
3,David Williams,PA3456789
4,Emily Brown,PA4567890
5,Michael Jones,PA5678901
6,Rebecca Davis,PA6789012
7,Christopher Wilson,PA7890123
8,Olivia Taylor,PA8901234
9,Matthew Anderson,PA9012345
10,Sophia Thomas,PA0123456
11,Daniel Roberts,PB1234567
12,Emma Martin,PB2345678
13,James White,PB3456789
14,Ava Harris,PB4567890
15,Alexander Clark,PB5678901
16,Mia Lewis,PB6789012
17,William Walker,PB7890123
18,Isabella Young,PB8901234
19,Benjamin Allen,PB9012345
20,Charlotte King,PB0123456
21,Liam Wright,PC1234567
22,Amelia Scott,PC2345678
23,Ethan Green,PC3456789
24,Harper Baker,PC4567890
25,Noah Adams,PC5678901
26,Abigail Nelson,PC6789012
27,Lucas Hill,PC7890123
28,Elizabeth Hall,PC8901234
29,Mason Rivera,PC9012345
30,Sofia Campbell,PC0123456